<?xml version="1.0" encoding="utf-8" standalone="yes"?>
<rss version="2.0" xmlns:atom="http://www.w3.org/2005/Atom">
  <channel>
    <title>Categories on Purdue ACM SIGBots</title>
    <link>https://purduesigbots.com/categories/</link>
    <description>Recent content in Categories on Purdue ACM SIGBots</description>
    <generator>Hugo -- gohugo.io</generator>
    
	<atom:link href="https://purduesigbots.com/categories/index.xml" rel="self" type="application/rss+xml" />
    
    
  </channel>
</rss>